Pitcher,Season,mlbID,bbrefID,fgID,Categorization
"cessa, luis",2023,570666,cessalu01,13345,0
"zastryzny, rob",2023,642239,zastrro01,15094,4
"zastryzny, rob",2024,642239,zastrro01,15094,4
"diaz, edwin",2024,621242,diazed04,14710,7
"junis, jakob",2023,596001,junisja01,13619,0
"junis, jakob",2024,596001,junisja01,13619,5
"neris, hector",2023,593576,nerishe01,11804,0
"neris, hector",2024,593576,nerishe01,11804,0
"otto, glenn",2023,657248,ottogl01,21366,3
"chavez, jesse",2023,445926,chaveje01,5448,6
"chavez, jesse",2024,445926,chaveje01,5448,6
"giolito, lucas",2023,608337,giolilu01,15474,1
"assad, javier",2023,665871,assadja01,21741,3
"assad, javier",2024,665871,assadja01,21741,3
"bradish, kyle",2023,680694,bradiky01,24586,1
"bradish, kyle",2024,680694,bradiky01,24586,1
"turnbull, spencer",2023,605513,turnbsp01,16207,1
"turnbull, spencer",2024,605513,turnbsp01,16207,3
"tyler, kyle",2024,667725,tylerky01,22092,6
"crochet, garrett",2023,676979,crochga01,27463,2
"crochet, garrett",2024,676979,crochga01,27463,4
"may, trevor",2023,543507,maytr01,6398,2
"estrada, jeremiah",2023,669093,estraje01,22210,1
"estrada, jeremiah",2024,669093,estraje01,22210,7
"waldron, matt",2023,663362,waldrma01,25550,4
"waldron, matt",2024,663362,waldrma01,25550,4
"rodriguez, eduardo",2023,593958,rodried05,13164,5
"rodriguez, eduardo",2024,593958,rodried05,13164,5
"wilson, steven",2023,621051,wilsost02,20353,4
"wilson, steven",2024,621051,wilsost02,20353,4
"gray, jon",2023,592351,grayjo02,14916,3
"gray, jon",2024,592351,grayjo02,14916,1
"holmes, clay",2023,605280,holmecl01,13649,2
"holmes, clay",2024,605280,holmecl01,13649,2
"ramsey, lane",2023,682010,ramsela02,25071,7
"vasquez, andrew",2023,607755,vasquan02,19482,1
"cueto, johnny",2023,456501,cuetojo01,6893,6
"burke, brock",2023,656271,burkebr01,17968,0
"burke, brock",2024,656271,burkebr01,17968,0
"rom, drew",2023,680723,romdr01,24602,2
"barria, jaime",2023,642545,barrija01,18356,0
"santos, gregory",2023,666619,santogr01,21894,0
"santos, gregory",2024,666619,santogr01,21894,0
"mejia, j. c.",2023,650496,mejiaje02,20617,0
"cox, austin",2023,680735,coxau01,24604,6
"battenfield, peyton",2023,685410,battepe01,25777,6
"pallante, andre",2023,669467,pallaan01,26108,1
"pallante, andre",2024,669467,pallaan01,26108,1
"dodd, dylan",2023,689266,dodddy01,29928,7
"gomber, austin",2023,596295,gombeau01,16561,1
"gomber, austin",2024,596295,gombeau01,16561,1
"gilbert, logan",2023,669302,gilbelo01,22250,1
"gilbert, logan",2024,669302,gilbelo01,22250,6
"nelson, ryne",2023,669194,nelsory01,26253,3
"nelson, ryne",2024,669194,nelsory01,26253,3
"felipe, angel",2023,665734,felipan01,21163,0
"woodford, jake",2023,663765,woodfja01,18674,3
"woodford, jake",2024,663765,woodfja01,18674,4
"soriano, george",2023,666277,soriage01,21863,7
"soriano, george",2024,666277,soriage01,21863,7
"erceg, lucas",2023,668674,erceglu01,19360,5
"erceg, lucas",2024,668674,erceglu01,19360,0
"neal, zach",2023,594943,nealza01,11294,6
"molina, anthony",2024,683627,molinan01,26952,1
"winder, josh",2023,680739,windejo01,24606,3
"winder, josh",2024,680739,windejo01,24606,2
"martinez, nick",2023,607259,martini01,12730,6
"martinez, nick",2024,607259,martini01,12730,6
"jackson, jay",2023,543351,jacksja01,7432,0
"jackson, jay",2024,543351,jacksja01,7432,0
"kershaw, clayton",2023,477132,kershcl01,2036,1
"kershaw, clayton",2024,477132,kershcl01,2036,1
"castro, miguel",2023,612434,castrmi01,15684,0
"castro, miguel",2024,612434,castrmi01,15684,0
"festa, matt",2023,670036,festama01,19330,4
"festa, matt",2024,670036,festama01,19330,4
"boyd, matt",2023,571510,boydma01,15440,1
"boyd, matt",2024,571510,boydma01,15440,1
"lopez, reynaldo",2023,625643,lopezre01,16400,1
"lopez, reynaldo",2024,625643,lopezre01,16400,1
"hentges, sam",2023,656529,hentgsa01,18548,1
"hentges, sam",2024,656529,hentgsa01,18548,1
"gallegos, giovanny",2023,606149,gallegi01,14986,7
"gallegos, giovanny",2024,606149,gallegi01,14986,7
"gonzalez, victor",2023,624647,gonzavi02,16408,0
"gonzalez, victor",2024,624647,gonzavi02,16408,0
"matsui, yuki",2024,673513,matsuyu01,33826,3
"sanchez, cristopher",2023,650911,sanchcr01,20778,0
"sanchez, cristopher",2024,650911,sanchcr01,20778,5
"pearson, nate",2023,663878,pearsna01,20160,1
"pearson, nate",2024,663878,pearsna01,20160,1
"megill, trevor",2023,656730,megiltr01,17722,1
"megill, trevor",2024,656730,megiltr01,17722,1
"strzelecki, peter",2023,657265,strzepe01,21367,5
"strzelecki, peter",2024,657265,strzepe01,21367,5
"vesia, alex",2023,681911,vesiaal01,25007,7
"vesia, alex",2024,681911,vesiaal01,25007,7
"hand, brad",2023,543272,handbr01,9111,2
"canning, griffin",2023,656288,cannigr01,19867,1
"canning, griffin",2024,656288,cannigr01,19867,1
"harris, hobie",2023,665048,harriho02,18615,4
"houser, adrian",2023,605288,housead01,12718,1
"houser, adrian",2024,605288,housead01,12718,1
"poche, colin",2023,621363,pocheco01,19403,7
"poche, colin",2024,621363,pocheco01,19403,7
"romero, jojo",2023,668941,romerjo01,19574,5
"romero, jojo",2024,668941,romerjo01,19574,0
"rucker, michael",2023,621074,ruckemi01,19454,6
"ottavino, adam",2023,493603,ottavad01,1247,4
"ottavino, adam",2024,493603,ottavad01,1247,5
"nance, tommy",2024,667297,nanceto01,19178,1
"sborz, josh",2023,622250,sborzjo01,18323,1
"sborz, josh",2024,622250,sborzjo01,18323,1
"strickland, hunter",2024,519326,strichu01,7836,5
"cecconi, slade",2023,677944,ceccosl01,27500,1
"cecconi, slade",2024,677944,ceccosl01,27500,1
"lugo, seth",2023,607625,lugose01,12447,3
"lugo, seth",2024,607625,lugose01,12447,3
"jefferies, daulton",2024,641726,jeffeda01,19345,5
"criswell, cooper",2023,681867,criswco01,24975,5
"criswell, cooper",2024,681867,criswco01,24975,5
"lorenzen, michael",2023,547179,lorenmi01,14843,3
"lorenzen, michael",2024,547179,lorenmi01,14843,3
"miller, mason",2023,695243,millema03,31757,7
"miller, mason",2024,695243,millema03,31757,7
"carrasco, carlos",2023,471911,carraca01,6632,3
"carrasco, carlos",2024,471911,carraca01,6632,3
"naile, james",2023,664942,naileja01,18186,6
"vodnik, victor",2023,680767,vodnivi01,24614,7
"vodnik, victor",2024,680767,vodnivi01,24614,7
"kremer, dean",2023,665152,kremede01,19350,3
"kremer, dean",2024,665152,kremede01,19350,6
"alvarado, jose",2023,621237,alvarjo03,17780,4
"alvarado, jose",2024,621237,alvarjo03,17780,6
"silseth, chase",2023,681217,silsech01,30074,3
"silseth, chase",2024,681217,silsech01,30074,3
"minter, a. j.",2023,621345,minteaj01,18655,4
"minter, a. j.",2024,621345,minteaj01,18655,4
"lopez, pablo",2023,641154,lopezpa01,17085,3
"lopez, pablo",2024,641154,lopezpa01,17085,3
"webb, jacob",2023,657097,webbja01,19274,2
"webb, jacob",2024,657097,webbja01,19274,2
"waguespack, jacob",2024,621097,wagueja01,18318,6
"kelly, michael",2023,547184,kellymi03,12791,2
"kelly, michael",2024,547184,kellymi03,12791,2
"littell, zack",2023,641793,litteza01,15823,2
"littell, zack",2024,641793,litteza01,15823,2
"allard, kolby",2023,663465,allarko01,18694,6
"allard, kolby",2024,663465,allarko01,18694,6
"richards, trevor",2023,670950,richatr01,19309,7
"richards, trevor",2024,670950,richatr01,19309,7
"skubal, tarik",2023,669373,skubata01,22267,1
"skubal, tarik",2024,669373,skubata01,22267,1
"desclafani, anthony",2023,543101,desclan01,13050,1
"adam, jason",2023,592094,adamja01,11861,2
"adam, jason",2024,592094,adamja01,11861,2
"jameson, drey",2023,686753,jamesdr01,26260,1
"bautista, felix",2023,642585,bautife01,20666,7
"zuniga, guillo",2024,670871,zuniggu01,19588,0
"strider, spencer",2023,675911,stridsp01,27498,7
"strider, spencer",2024,675911,stridsp01,27498,1
"chafin, andrew",2023,605177,chafian01,12988,0
"chafin, andrew",2024,605177,chafian01,12988,0
"abreu, bryan",2023,650556,abreubr01,16609,1
"abreu, bryan",2024,650556,abreubr01,16609,7
"kikuchi, yusei",2023,579328,kikucyu01,20633,1
"kikuchi, yusei",2024,579328,kikucyu01,20633,1
"keuchel, dallas",2023,572971,keuchda01,9434,5
"keuchel, dallas",2024,572971,keuchda01,9434,5
"bickford, phil",2023,641360,bickfph01,18519,7
"bickford, phil",2024,641360,bickfph01,18519,7
"thompson, keegan",2023,624522,thompke02,19795,3
"thompson, keegan",2024,624522,thompke02,19795,3
"verlander, justin",2023,434378,verlaju01,8700,1
"verlander, justin",2024,434378,verlaju01,8700,1
"alcala, jorge",2023,660896,alcaljo01,19459,0
"alcala, jorge",2024,660896,alcaljo01,19459,0
"lange, alex",2023,656638,langeal01,19883,1
"lange, alex",2024,656638,langeal01,19883,1
"waldichuk, ken",2023,686610,waldike01,27681,3
"vasquez, randy",2023,681190,vasqura02,24719,3
"vasquez, randy",2024,681190,vasqura02,24719,3
"sanchez, sixto",2024,664350,sanchsi01,19680,4
"phillips, evan",2023,623465,phillev01,17734,4
"phillips, evan",2024,623465,phillev01,17734,4
"heller, ben",2023,621294,hellebe01,15100,4
"heller, ben",2024,621294,hellebe01,15100,5
"wright, kyle",2023,657140,wrighky01,19665,1
"weiss, zack",2023,592848,weissza01,15444,7
"winn, keaton",2023,676775,winnke01,23499,0
"winn, keaton",2024,676775,winnke01,23499,0
"valdez, framber",2023,664285,valdefr01,17295,6
"valdez, framber",2024,664285,valdefr01,17295,1
"matzek, tyler",2024,554431,matzety01,10058,7
"garcia, robert",2023,676395,garciro04,23363,7
"garcia, robert",2024,676395,garciro04,23363,7
"clevinger, mike",2023,605182,clevimi01,12808,6
"rutledge, jackson",2023,671131,rutleja01,26215,1
"rutledge, jackson",2024,671131,rutleja01,26215,6
"lynch, daniel",2023,663738,lynchda02,21537,1
"lynch, daniel",2024,663738,lynchda02,21537,6
"mcgough, scott",2023,543518,mcgousc01,12056,0
"mcgough, scott",2024,543518,mcgousc01,12056,0
"moore, matt",2023,519043,moorema02,1890,1
"moore, matt",2024,519043,moorema02,1890,6
"ohtani, shohei",2023,660271,ohtansh01,19755,3
"butto, jose",2023,676130,buttojo01,23313,1
"butto, jose",2024,676130,buttojo01,23313,2
"de leon, jose",2023,592254,deleojo03,15463,7
"miley, wade",2023,489119,mileywa01,8779,6
"rucinski, drew",2023,607968,rucindr01,12499,1
"young, danny",2023,664849,youngda02,18439,2
"young, danny",2024,664849,youngda02,18439,4
"hernandez, carlos",2023,672578,hernaca04,22713,1
"hernandez, carlos",2024,672578,hernaca04,22713,1
"blackburn, paul",2023,621112,blackpa01,14739,6
"blackburn, paul",2024,621112,blackpa01,14739,6
"jacob, alek",2024,689690,jacobal01,29628,2
"jackson, zach",2023,667427,jacksza02,19493,7
"bellatti, andrew",2023,571479,bellaan01,10657,7
"thielbar, caleb",2023,573204,thielca01,10078,3
"thielbar, caleb",2024,573204,thielca01,10078,3
"lauer, eric",2023,641778,lauerer01,19316,6
"pagan, emilio",2023,641941,paganem01,14771,6
"pagan, emilio",2024,641941,paganem01,14771,4
"wells, tyler",2023,669330,wellsty01,20000,6
"wells, tyler",2024,669330,wellsty01,20000,6
"woo, bryan",2023,693433,woobr01,30279,2
"woo, bryan",2024,693433,woobr01,30279,2
"priester, quinn",2023,682990,priesqu01,25977,1
"priester, quinn",2024,682990,priesqu01,25977,1
"solomon, peter",2023,656981,solompe01,20476,6
"german, domingo",2023,593334,germado01,17149,1
"german, domingo",2024,593334,germado01,17149,1
"spiers, carson",2023,686730,spierca01,27685,4
"spiers, carson",2024,686730,spierca01,27685,5
"miller, bobby",2023,676272,millebo06,27483,3
"miller, bobby",2024,676272,millebo06,27483,1
"anderson, chase",2023,502624,anderch01,6895,3
"anderson, chase",2024,502624,anderch01,6895,3
"shaw, bryan",2023,543766,shawbr01,8110,6
"shaw, bryan",2024,543766,shawbr01,8110,6
"henriquez, ronny",2024,678692,henriro01,24094,0
"imanaga, shota",2024,684007,imanash01,33829,3
"middleton, keynan",2023,641871,middlke01,15264,7
"banda, anthony",2023,607455,bandaan01,14706,5
"banda, anthony",2024,607455,bandaan01,14706,0
"mcarthur, james",2023,663704,mcartja01,21527,6
"mcarthur, james",2024,663704,mcartja01,21527,1
"peralta, sammy",2023,671111,peralsa01,25589,2
"peralta, sammy",2024,671111,peralsa01,25589,2
"gonsolin, tony",2023,664062,gonsoto01,19388,1
"hernandez, elieser",2024,622694,hernael01,16933,5
"boxberger, brad",2023,502202,boxbebr01,10133,7
"irvin, jake",2023,663623,irvinja01,21504,1
"irvin, jake",2024,663623,irvinja01,21504,6
"thompson, mason",2023,666168,thompma02,21850,1
"kittredge, andrew",2023,552640,kittran01,12828,0
"kittredge, andrew",2024,552640,kittran01,12828,5
"maton, phil",2023,664208,matonph01,18064,3
"maton, phil",2024,664208,matonph01,18064,3
"armstrong, shawn",2023,542888,armstsh01,12857,5
"armstrong, shawn",2024,542888,armstsh01,12857,5
"foley, jason",2023,671345,foleyja01,19531,0
"foley, jason",2024,671345,foleyja01,19531,0
"suter, brent",2023,608718,suterbr01,13942,0
"suter, brent",2024,608718,suterbr01,13942,0
"schreiber, john",2023,670167,schrejo01,20020,4
"schreiber, john",2024,670167,schrejo01,20020,4
"wantz, andrew",2023,681806,wantzan01,24933,4
"bird, jake",2023,656234,birdja01,21267,6
"bird, jake",2024,656234,birdja01,21267,6
"rogers, tyler",2023,643511,rogerty01,15541,0
"rogers, tyler",2024,643511,rogerty01,15541,0
"stewart, brock",2023,592779,stewabr01,16727,4
"stewart, brock",2024,592779,stewabr01,16727,4
"vespi, nick",2023,663989,vespini01,21093,6
"vespi, nick",2024,663989,vespini01,21093,6
"mckenzie, triston",2023,663474,mckentr01,18000,1
"mckenzie, triston",2024,663474,mckentr01,18000,1
"smith, will",2023,519293,smithwi04,8048,1
"smith, will",2024,519293,smithwi04,8048,1
"fujinami, shintaro",2023,660261,fujinsh01,31839,3
"walker, ryan",2023,676254,walkery01,20423,1
"walker, ryan",2024,676254,walkery01,20423,0
"long, sam",2023,669674,longsa01,25379,1
"long, sam",2024,669674,longsa01,25379,1
"herget, kevin",2023,643361,hergeke01,15369,3
"herget, kevin",2024,643361,hergeke01,15369,7
"treinen, blake",2024,595014,treinbl01,12572,4
"anderson, grant",2023,681982,andergr01,20546,0
"anderson, grant",2024,681982,andergr01,20546,0
"senzatela, antonio",2024,622608,senzaan01,15488,1
"weber, ryan",2023,543901,weberry01,10160,0
"fleming, josh",2023,676596,flemijo01,20418,1
"fleming, josh",2024,676596,flemijo01,20418,6
"garcia, yimi",2023,554340,garciyi01,12095,3
"garcia, yimi",2024,554340,garciyi01,12095,3
"scott, tayler",2023,605463,scottta02,13652,0
"scott, tayler",2024,605463,scottta02,13652,0
"estes, joey",2023,683155,estesjo01,26257,5
"estes, joey",2024,683155,estesjo01,26257,5
"rodriguez, manuel",2024,655889,rodrima01,20794,2
"smeltzer, devin",2023,656970,smeltde01,19487,3
"marsh, alec",2023,679525,marshal01,27451,3
"marsh, alec",2024,679525,marshal01,27451,3
"then, juan",2023,672730,thenju01,22828,0
"senga, kodai",2023,673540,sengako01,31838,3
"perdomo, angel",2023,622780,perdoan01,17759,7
"steele, justin",2023,657006,steelju01,17312,1
"steele, justin",2024,657006,steelju01,17312,1
"hunter, tommy",2023,488984,hunteto02,1157,6
"burnes, corbin",2023,669203,burneco01,19361,3
"burnes, corbin",2024,669203,burneco01,19361,3
"crismatt, nabil",2023,622503,crismna01,17732,1
"crismatt, nabil",2024,622503,crismna01,17732,1
"payamps, joel",2023,606303,payamjo01,14332,0
"payamps, joel",2024,606303,payamjo01,14332,0
"kolek, stephen",2024,663568,kolekst01,21487,5
"milner, hoby",2023,571948,milneho01,13346,2
"milner, hoby",2024,571948,milneho01,13346,2
"speier, gabe",2023,642100,speiega01,17170,0
"speier, gabe",2024,642100,speiega01,17170,2
"emanuel, kent",2024,592288,emanuke01,15849,2
"barnes, jacob",2023,606930,barneja01,12323,7
"barnes, jacob",2024,606930,barneja01,12323,7
"brieske, beau",2023,689225,briesbe01,26079,0
"brieske, beau",2024,689225,briesbe01,26079,0
"cruz, fernando",2023,518585,cruzfe01,7048,5
"cruz, fernando",2024,518585,cruzfe01,7048,4
"hill, tim",2023,657612,hillti01,16814,5
"hill, tim",2024,657612,hillti01,16814,0
"sandlin, nick",2023,680704,sandlni01,20517,0
"sandlin, nick",2024,680704,sandlni01,20517,0
"hudson, bryan",2023,663542,hudsobr01,19924,4
"hudson, bryan",2024,663542,hudsobr01,19924,4
"suarez, albert",2024,544150,suareal01,6175,6
"quintana, jose",2023,500779,quintjo01,11423,1
"quintana, jose",2024,500779,quintjo01,11423,1
"hernandez, jonathan",2023,642546,hernajo02,17464,0
"hernandez, jonathan",2024,642546,hernajo02,17464,0
"snead, kirby",2023,669912,sneadki01,19179,0
"snead, kirby",2024,669912,sneadki01,19179,0
"shuster, jared",2023,694363,shustja01,27472,7
"shuster, jared",2024,694363,shustja01,27472,0
"martinez, adrian",2023,661309,martiad01,21023,0
"cortes, nestor",2023,641482,cortene01,17874,5
"cortes, nestor",2024,641482,cortene01,17874,5
"rasmussen, drew",2023,656876,rasmudr01,25385,3
"rasmussen, drew",2024,656876,rasmudr01,25385,4
"frias, luis",2023,666818,friaslu01,21997,5
"frias, luis",2024,666818,friaslu01,21997,5
"wentz, joey",2023,666214,wentzjo01,19962,6
"wentz, joey",2024,666214,wentzjo01,19962,6
"gibaut, ian",2023,664139,gibauia01,17871,4
"estevez, carlos",2023,608032,estevca01,14542,1
"estevez, carlos",2024,608032,estevca01,14542,1
"oviedo, johan",2023,670912,oviedjo01,22487,1
"beeks, jalen",2023,656222,beeksja02,17192,7
"beeks, jalen",2024,656222,beeksja02,17192,6
"lucas, easton",2023,687922,lucasea01,26058,7
"lucas, easton",2024,687922,lucasea01,26058,5
"kuhnel, joel",2023,669270,kuhnejo01,19995,0
"kuhnel, joel",2024,669270,kuhnejo01,19995,1
"ortega, oliver",2023,661383,ortegol01,21025,3
"dubin, shawn",2023,681869,dubinsh01,24977,3
"dubin, shawn",2024,681869,dubinsh01,24977,3
"ortiz, luis",2023,656814,ortizlu02,16942,3
"crawford, kutter",2023,676710,crawfku01,20531,3
"crawford, kutter",2024,676710,crawfku01,20531,3
"peralta, wandy",2023,593974,peralwa01,14295,0
"peralta, wandy",2024,593974,peralwa01,14295,0
"varland, louie",2023,686973,varlalo01,27691,4
"varland, louie",2024,686973,varlalo01,27691,6
"hoffman, jeff",2023,656546,hoffmje02,17432,0
"hoffman, jeff",2024,656546,hoffmje02,17432,0
"baz, shane",2024,669358,bazsh01,22264,1
"suarez, ranger",2023,624133,suarera01,17277,6
"suarez, ranger",2024,624133,suarera01,17277,6
"winans, allan",2023,642216,winanal01,21238,0
"brogdon, connor",2023,641401,brogdco01,21205,4
"brogdon, connor",2024,641401,brogdco01,21205,4
"edwards, carl",2023,605218,edwarca01,13607,1
"saalfrank, andrew",2023,685314,saalfan01,26203,1
"lopez, jorge",2023,605347,lopezjo02,14527,1
"lopez, jorge",2024,605347,lopezjo02,14527,1
"zimmermann, bruce",2023,669145,zimmebr02,20370,1
"houck, tanner",2023,656557,houckta01,19879,5
"houck, tanner",2024,656557,houckta01,19879,4
"robertson, nick",2023,687798,roberni01,26226,2
"robertson, nick",2024,687798,roberni01,26226,5
"willingham, amos",2023,686294,william01,26128,5
"shreve, chasen",2023,592741,shrevch01,10855,2
"rosenberg, kenny",2023,670046,rosenke01,20009,3
"rosenberg, kenny",2024,670046,rosenke01,20009,6
"ray, robbie",2024,592662,rayro02,11486,1
"gonzales, marco",2023,594835,gonzama02,15467,6
"gonzales, marco",2024,594835,gonzama02,15467,6
"suarez, jose",2023,660761,suarejo01,19911,5
"suarez, jose",2024,660761,suarejo01,19911,3
"toussaint, touki",2023,657053,toussto01,16929,1
"toussaint, touki",2024,657053,toussto01,16929,1
"alzolay, adbert",2023,640470,alzolad01,17859,5
"alzolay, adbert",2024,640470,alzolad01,17859,5
"mlodzinski, carmen",2023,669387,mlodzca01,27572,4
"mlodzinski, carmen",2024,669387,mlodzca01,27572,5
"uceta, edwin",2024,670955,ucetaed01,20539,3
"thornton, trent",2023,663423,thorntr01,17948,3
"thornton, trent",2024,663423,thorntr01,17948,3
"de los santos, yerry",2023,660787,delosye01,21420,0
"kirby, george",2023,669923,kirbyge01,25436,1
"kirby, george",2024,669923,kirbyge01,25436,6
"fedde, erick",2024,607200,feddeer01,17425,4
"adams, austin",2023,613534,adamsau02,13801,7
"adams, austin",2024,613534,adamsau02,13801,0
"crouse, hans",2024,668968,crousha01,22192,0
"schmidt, clarke",2023,657376,schmicl01,19899,3
"schmidt, clarke",2024,657376,schmicl01,19899,3
"mayza, tim",2023,641835,mayzati01,15042,0
"mayza, tim",2024,641835,mayzati01,15042,0
"pinto, ricardo",2024,620982,pintori01,16318,2
"kelly, kevin",2023,687330,kellyke02,25679,4
"kelly, kevin",2024,687330,kellyke02,25679,4
"davidson, tucker",2023,656353,davidtu01,19871,2
"marte, jose",2023,665896,martejo01,21761,5
"marte, jose",2024,665896,martejo01,21761,0
"kelly, joe",2023,523260,kellyjo05,9761,1
"kelly, joe",2024,523260,kellyjo05,9761,1
"smith, chad",2023,663385,smithch12,20190,0
"carlton, drew",2023,656290,carltdr01,19868,0
"henry, tommy",2023,674072,henryto01,26285,1
"henry, tommy",2024,674072,henryto01,26285,1
"ryan, ryder",2024,656924,ryanry01,19891,0
"bielak, brandon",2023,656232,bielabr01,19866,1
"bielak, brandon",2024,656232,bielabr01,19866,1
"teheran, julio",2023,527054,teherju01,6797,6
"curry, xzavion",2023,675540,curryxz01,25595,1
"curry, xzavion",2024,675540,curryxz01,25595,1
"urquidy, jose",2023,664353,urquijo01,18413,3
"pfaadt, brandon",2023,694297,pfaadbr01,27782,3
"pfaadt, brandon",2024,694297,pfaadbr01,27782,3
"garza, justin",2023,621057,garzaju01,19784,5
"woodruff, brandon",2023,605540,woodrbr01,16162,1
"familia, jeurys",2023,544727,familje01,5114,0
"faedo, alex",2023,656412,faedoal01,19874,7
"faedo, alex",2024,656412,faedoal01,19874,0
"vest, will",2023,676684,vestwi01,19769,0
"vest, will",2024,676684,vestwi01,19769,0
"falter, bailey",2023,663559,falteba01,20070,1
"falter, bailey",2024,663559,falteba01,20070,1
"kuhl, chad",2023,641771,kuhlch01,14975,3
"kuhl, chad",2024,641771,kuhlch01,14975,5
"bradley, taj",2023,671737,bradlta01,22543,6
"bradley, taj",2024,671737,bradlta01,22543,6
"williamson, brandon",2023,682227,willibr02,25463,3
"williamson, brandon",2024,682227,willibr02,25463,3
"miller, bryce",2023,682243,millebr04,29837,3
"miller, bryce",2024,682243,millebr04,29837,3
"rodon, carlos",2023,607074,rodonca01,16137,1
"rodon, carlos",2024,607074,rodonca01,16137,6
"bednar, david",2023,670280,bednada01,19569,1
"bednar, david",2024,670280,bednada01,19569,1
"abreu, albert",2023,656061,abreual01,17485,0
"abbott, andrew",2023,671096,abbotan01,29911,3
"abbott, andrew",2024,671096,abbotan01,29911,3
"santillan, tony",2023,663574,santito01,19926,7
"santillan, tony",2024,663574,santito01,19926,7
"finnegan, kyle",2023,640448,finneky01,15009,7
"finnegan, kyle",2024,640448,finneky01,15009,7
"gillaspie, logan",2023,670810,gillalo01,22461,3
"gillaspie, logan",2024,670810,gillalo01,22461,3
"plesac, zach",2023,668676,plesaza01,19979,1
"gott, trevor",2023,641627,gotttr01,15046,6
"iglesias, raisel",2023,628452,iglesra01,17130,0
"iglesias, raisel",2024,628452,iglesra01,17130,0
"allen, logan",2023,671106,allenlo02,27589,5
"allen, logan",2024,671106,allenlo02,27589,4
"anderson, tyler",2023,542881,anderty01,12880,6
"anderson, tyler",2024,542881,anderty01,12880,6
"rogers, josh",2024,642028,rogerjo01,18510,5
"uribe, abner",2023,682842,uribeab01,25327,0
"uribe, abner",2024,682842,uribeab01,25327,0
"chargois, j. t.",2023,608638,chargjt01,13767,0
"chargois, j. t.",2024,608638,chargjt01,13767,0
"brebbia, john",2023,605154,brebbjo01,12777,7
"brebbia, john",2024,605154,brebbjo01,12777,7
"stratton, hunter",2024,676702,strathu01,23455,5
"lopez, jacob",2023,682052,lopezja04,25098,0
"lopez, jacob",2024,682052,lopezja04,25098,7
"sauer, matt",2024,669422,sauerma01,22284,1
"helsley, ryan",2023,664854,helslry01,18138,1
"helsley, ryan",2024,664854,helslry01,18138,1
"reyes, denyi",2023,660593,reyesde02,20526,5
"de los santos, enyel",2023,660853,delosen01,18403,7
"de los santos, enyel",2024,660853,delosen01,18403,7
"nardi, andrew",2023,677053,nardian01,25942,7
"nardi, andrew",2024,677053,nardian01,25942,7
"covey, dylan",2023,592229,coveydy01,14825,5
"wicks, jordan",2023,696136,wicksjo01,30094,6
"wicks, jordan",2024,696136,wicksjo01,30094,6
"harris, hogan",2023,663687,harriho03,21520,6
"harris, hogan",2024,663687,harriho03,21520,1
"chirinos, yonny",2023,630023,chiriyo01,16401,0
"chirinos, yonny",2024,630023,chiriyo01,16401,0
"mccaughan, darren",2024,670766,mccauda01,20038,2
"corbin, patrick",2023,571578,corbipa01,9323,0
"corbin, patrick",2024,571578,corbipa01,9323,6
"baker, bryan",2023,641329,bakerbr01,19804,7
"baker, bryan",2024,641329,bakerbr01,19804,1
"castellanos, humberto",2024,528748,castehu01,21183,6
"voth, austin",2023,608723,vothau01,15047,3
"voth, austin",2024,608723,vothau01,15047,3
"oller, adam",2023,670124,ollerad01,20132,4
"oller, adam",2024,670124,ollerad01,20132,1
"doyle, tommy",2023,656382,doyleto01,21281,5
"rogers, taylor",2023,573124,rogerta01,13449,4
"rogers, taylor",2024,573124,rogerta01,13449,2
"darvish, yu",2023,506433,darviyu01,13074,3
"darvish, yu",2024,506433,darviyu01,13074,3
"kay, anthony",2023,641743,kayan01,20387,2
"civale, aaron",2023,650644,civalaa01,19479,3
"civale, aaron",2024,650644,civalaa01,19479,3
"paddack, chris",2023,663978,paddach01,20099,1
"paddack, chris",2024,663978,paddach01,20099,1
"brito, jhony",2023,666745,britojh01,25386,3
"brito, jhony",2024,666745,britojh01,25386,3
"stephenson, robert",2023,596112,stephro01,13594,6
"mcfarland, t. j.",2024,519008,mcfartj01,3237,4
"kaprielian, james",2023,621076,kaprija01,18331,1
"heaney, andrew",2023,571760,heanean01,15423,1
"heaney, andrew",2024,571760,heanean01,15423,6
"lyles, jordan",2023,543475,lylesjo01,7593,3
"lyles, jordan",2024,543475,lylesjo01,7593,3
"moreta, dauri",2023,664294,moretda01,21101,7
"walter, brandon",2023,687888,waltebr01,26056,5
"nola, aaron",2023,605400,nolaaa01,16149,6
"nola, aaron",2024,605400,nolaaa01,16149,6
"patino, luis",2023,672715,patinlu01,22815,1
"herget, jimmy",2023,623474,hergeji01,17556,1
"herget, jimmy",2024,623474,hergeji01,17556,1
"slaten, justin",2024,686580,slateju01,25648,3
"scherzer, max",2023,453286,scherma01,3137,6
"scherzer, max",2024,453286,scherma01,3137,6
"wainwright, adam",2023,425794,wainwad01,2233,6
"williams, gavin",2023,668909,williga01,30122,1
"williams, gavin",2024,668909,williga01,30122,6
"elder, bryce",2023,693821,elderbr01,27779,0
"elder, bryce",2024,693821,elderbr01,27779,0
"lovelady, richard",2023,663992,lovelri01,19337,0
"lovelady, richard",2024,663992,lovelri01,19337,0
"thompson, zack",2023,668868,thompza02,25918,1
"thompson, zack",2024,668868,thompza02,25918,1
"perez, eury",2023,691587,perezeu02,27768,1
"martinez, justin",2023,679885,martiju01,24453,7
"martinez, justin",2024,679885,martiju01,24453,0
"leone, dominic",2023,608678,leonedo01,13763,5
"leone, dominic",2024,608678,leonedo01,13763,5
"urena, jose",2023,570632,urenajo01,11589,0
"urena, jose",2024,570632,urenajo01,11589,0
"miller, shelby",2023,571946,millesh01,10197,2
"miller, shelby",2024,571946,millesh01,10197,7
"jackson, luke",2023,592426,jackslu01,11752,1
"jackson, luke",2024,592426,jackslu01,11752,6
"garrett, reed",2023,657585,garrere01,16866,3
"garrett, reed",2024,657585,garrere01,16866,4
"boyle, joe",2023,671212,boylejo01,29608,1
"boyle, joe",2024,671212,boylejo01,29608,3
"seabold, connor",2023,657756,seaboco01,19695,1
"white, brendan",2023,686839,whitebr01,26024,2
"legumina, casey",2023,668984,legumca01,25921,2
"legumina, casey",2024,668984,legumca01,25921,2
"weaver, luke",2023,596133,weavelu01,16918,3
"weaver, luke",2024,596133,weavelu01,16918,6
"machado, andres",2023,600921,machaan02,14681,0
"bello, brayan",2023,678394,bellobr01,23920,5
"bello, brayan",2024,678394,bellobr01,23920,0
"moran, jovani",2023,663558,moranjo01,20422,7
"rainey, tanner",2024,663432,raineta01,17610,7
"varland, gus",2023,681402,varlagu01,24737,7
"varland, gus",2024,681402,varlagu01,24737,0
"faucher, calvin",2023,676534,fauchca01,20116,3
"faucher, calvin",2024,676534,fauchca01,20116,3
"glasnow, tyler",2023,607192,glasnty01,14374,1
"glasnow, tyler",2024,607192,glasnty01,14374,1
"lawrence, casey",2023,596271,lawreca01,11121,3
"kerr, ray",2023,678061,kerrra01,23809,1
"kerr, ray",2024,678061,kerrra01,23809,6
"marinaccio, ron",2023,676760,marinro01,23488,2
"marinaccio, ron",2024,676760,marinro01,23488,2
"dominguez, seranthony",2023,622554,dominse01,19249,0
"dominguez, seranthony",2024,622554,dominse01,19249,0
"peralta, freddy",2023,642547,peralfr01,18679,1
"peralta, freddy",2024,642547,peralfr01,18679,1
"garcia, rico",2023,670329,garciri01,20023,1
"ferrer, jose",2023,678606,ferrejo01,24017,7
"ferrer, jose",2024,678606,ferrejo01,24017,0
"hoeing, bryan",2023,663773,hoeinbr01,26304,0
"hoeing, bryan",2024,663773,hoeinbr01,26304,0
"morgan, eli",2023,669212,morgael01,20203,1
"morgan, eli",2024,669212,morgael01,20203,7
"sewald, paul",2023,623149,sewalpa01,13892,2
"sewald, paul",2024,623149,sewalpa01,13892,2
"berroa, prelander",2024,672860,berropr01,22932,0
"pepiot, ryan",2023,686752,pepiory01,26221,7
"pepiot, ryan",2024,686752,pepiory01,26221,6
"ashby, aaron",2024,676879,ashbyaa01,23550,1
"lambert, peter",2023,663567,lambepe01,17969,3
"lambert, peter",2024,663567,lambepe01,17969,6
"snell, blake",2023,605483,snellbl01,13543,1
"snell, blake",2024,605483,snellbl01,13543,1
"cisnero, jose",2023,542585,cisnejo01,6399,5
"cisnero, jose",2024,542585,cisnejo01,6399,5
"thompson, ryan",2023,657044,thompry02,16647,0
"thompson, ryan",2024,657044,thompry02,16647,0
"bass, anthony",2023,542914,bassan01,7982,0
"wilson, bryse",2023,669060,wilsobr02,19990,6
"wilson, bryse",2024,669060,wilsobr02,19990,6
"guerra, javy",2023,642770,guerrja02,17292,2
"kerkering, orion",2024,689147,kerkeor01,31776,2
"veneziano, anthony",2024,685107,venezan01,27453,2
"francis, bowden",2023,670102,francbo01,20548,1
"francis, bowden",2024,670102,francbo01,20548,1
"bard, daniel",2023,453268,bardda01,7115,0
"la sorsa, joe",2023,686747,lasorjo01,25481,0
"la sorsa, joe",2024,686747,lasorjo01,25481,0
"little, luke",2023,681432,littllu01,28036,2
"little, luke",2024,681432,littllu01,28036,2
"detmers, reid",2023,672282,detmere01,27468,3
"detmers, reid",2024,672282,detmere01,27468,3
"fairbanks, pete",2023,664126,fairbpe01,17998,7
"fairbanks, pete",2024,664126,fairbpe01,17998,7
"tepera, ryan",2023,572193,teperry01,10291,2
"joyce, ben",2023,690829,joycebe01,31461,2
"joyce, ben",2024,690829,joycebe01,31461,0
"herrin, tim",2023,682120,herriti01,25139,1
"herrin, tim",2024,682120,herriti01,25139,1
"cimber, adam",2023,643256,cimbead01,15288,0
"cimber, adam",2024,643256,cimbead01,15288,0
"borucki, ryan",2023,621366,borucry01,16350,2
"borucki, ryan",2024,621366,borucry01,16350,2
"eflin, zach",2023,621107,eflinza01,13774,3
"eflin, zach",2024,621107,eflinza01,13774,3
"norris, daniel",2023,596057,norrida01,13475,2
"de geus, brett",2024,676969,degeubr01,23592,6
"sands, cole",2023,663485,sandsco01,21461,6
"sands, cole",2024,663485,sandsco01,21461,6
"weems, jordan",2023,607179,weemsjo01,13190,1
"weems, jordan",2024,607179,weemsjo01,13190,1
"nogosek, stephen",2023,668665,nogosst01,19545,3
"means, john",2024,607644,meansjo01,16269,1
"llovera, mauricio",2023,661440,llovema01,20080,5
"feltner, ryan",2023,663372,feltnry01,21446,1
"feltner, ryan",2024,663372,feltnry01,21446,3
"urias, julio",2023,628711,uriasju01,14765,4
"javier, cristian",2023,664299,javiecr01,17606,1
"javier, cristian",2024,664299,javiecr01,17606,1
"graveman, kendall",2023,608665,graveke01,15514,1
"mantiply, joe",2023,573009,mantijo01,14857,1
"mantiply, joe",2024,573009,mantijo01,14857,1
"hanifee, brenan",2023,669724,hanifbr01,22304,5
"hanifee, brenan",2024,669724,hanifbr01,22304,0
"stratton, chris",2023,608717,stratch01,13761,3
"stratton, chris",2024,608717,stratch01,13761,3
"brigham, jeff",2023,656257,brighje01,16631,4
"bummer, aaron",2023,607481,bummeaa01,16258,4
"bummer, aaron",2024,607481,bummeaa01,16258,3
"soriano, jose",2023,667755,soriajo02,22100,1
"soriano, jose",2024,667755,soriajo02,22100,1
"freeland, kyle",2023,607536,freelky01,16256,1
"freeland, kyle",2024,607536,freelky01,16256,1
"king, john",2023,667463,kingjo01,22051,0
"king, john",2024,667463,kingjo01,22051,0
"howard, spencer",2024,675921,howarsp01,23252,1
"lively, ben",2023,594902,livelbe01,14932,3
"lively, ben",2024,594902,livelbe01,14932,3
"manoah, alek",2023,666201,manoaal01,26410,0
"manoah, alek",2024,666201,manoaal01,26410,0
"williams, devin",2023,642207,willide03,15816,4
"williams, devin",2024,642207,willide03,15816,4
"pruitt, austin",2023,643493,pruitau01,15290,3
"stone, gavin",2023,694813,stonega01,27792,6
"stone, gavin",2024,694813,stonega01,27792,3
"feyereisen, j. p.",2024,656420,feyerjo01,16610,7
"ort, kaleb",2023,672391,ortka01,20061,4
"ort, kaleb",2024,672391,ortka01,20061,4
"ramirez, erasmo",2023,541640,ramirer02,10314,3
"ramirez, erasmo",2024,541640,ramirer02,10314,6
"suarez, robert",2023,663158,suarero01,30115,5
"suarez, robert",2024,663158,suarero01,30115,4
"campbell, isaiah",2023,663462,campbis01,25551,5
"kimbrel, craig",2023,518886,kimbrcr01,6655,3
"kimbrel, craig",2024,518886,kimbrcr01,6655,3
"roberts, ethan",2024,681799,roberet01,24930,4
"barnes, matt",2023,598264,barnema01,12863,1
"barnes, matt",2024,598264,barnema01,12863,1
"brash, matt",2023,666374,brashma01,25756,6
"leclerc, jose",2023,600917,leclejo01,14524,5
"leclerc, jose",2024,600917,leclejo01,14524,5
"megill, tylor",2023,656731,megilty01,21318,1
"megill, tylor",2024,656731,megilty01,21318,3
"bradford, cody",2023,674003,bradfco01,27597,7
"bradford, cody",2024,674003,bradfco01,27597,6
"avila, nick",2024,687014,avilani01,25667,6
"carasiti, matt",2023,571539,carasma01,13276,4
"carasiti, matt",2024,571539,carasma01,13276,4
"yarbrough, ryan",2023,642232,yarbrry01,16502,6
"yarbrough, ryan",2024,642232,yarbrry01,16502,6
"pressly, ryan",2023,519151,pressry01,7005,6
"pressly, ryan",2024,519151,pressry01,7005,1
"hearn, taylor",2023,621368,hearnta01,18325,0
"latz, jacob",2024,656641,latzja01,21306,1
"jacques, joe",2023,682175,jacqujo01,25178,2
"jacques, joe",2024,682175,jacqujo01,25178,2
"nicolas, kyle",2023,693312,nicolky01,27775,1
"nicolas, kyle",2024,693312,nicolky01,27775,1
"cabrera, edward",2023,665795,cabreed02,21690,1
"cabrera, edward",2024,665795,cabreed02,21690,1
"garcia, luis",2023,677651,garcilu05,23735,6
"smyly, drew",2023,592767,smylydr01,11760,6
"smyly, drew",2024,592767,smylydr01,11760,6
"tinoco, jesus",2024,622786,tinocje01,16300,5
"overton, connor",2023,656818,overtco01,18376,5
"bleier, richard",2023,542947,bleieri01,7803,5
"duarte, daniel",2023,650960,duartda01,17480,5
"woods richardson, simeon",2024,680573,woodssi01,24494,1
"patton, spencer",2023,607359,pattosp01,12361,0
"olson, reese",2023,681857,olsonre01,24968,1
"olson, reese",2024,681857,olsonre01,24968,1
"yates, kirby",2023,489446,yateski01,9073,2
"yates, kirby",2024,489446,yateski01,9073,7
"pop, zach",2023,647315,popza01,20185,0
"pop, zach",2024,647315,popza01,20185,5
"duran, jhoan",2023,661395,duranjh01,21029,1
"duran, jhoan",2024,661395,duranjh01,21029,1
"headrick, brent",2023,687396,headrbr01,27702,7
"hill, rich",2023,448179,hillri01,4806,3
"hill, rich",2024,448179,hillri01,4806,3
"kinley, tyler",2023,641755,kinlety01,18297,0
"kinley, tyler",2024,641755,kinlety01,18297,0
"cosgrove, tom",2023,676680,cosgrto01,23443,2
"cosgrove, tom",2024,676680,cosgrto01,23443,2
"lamet, dinelson",2023,659275,lametdi01,17186,0
"lamet, dinelson",2024,659275,lametdi01,17186,0
"kauffmann, karl",2023,666154,kauffka01,27488,5
"lucchesi, joey",2023,664192,lucchjo01,19320,6
"guenther, sean",2024,674944,guentse01,20045,0
"cobb, alex",2023,502171,cobbal01,6562,1
"cobb, alex",2024,502171,cobbal01,6562,1
"castillo, luis",2023,622491,castilu02,15689,0
"castillo, luis",2024,622491,castilu02,15689,0
"soroka, michael",2023,647336,sorokmi01,18383,0
"soroka, michael",2024,647336,sorokmi01,18383,0
"lawrence, justin",2023,664875,lawreju01,17639,2
"lawrence, justin",2024,664875,lawreju01,17639,2
"nelson, kyle",2023,669459,nelsoky01,20515,7
"nelson, kyle",2024,669459,nelsoky01,20515,7
"miller, tyson",2023,668338,millety01,19976,1
"miller, tyson",2024,668338,millety01,19976,3
"leiter, mark",2023,643410,leitema02,15551,6
"leiter, mark",2024,643410,leitema02,15551,3
"coleman, dylan",2023,669395,colemdy01,22276,4
"quijada, jose",2023,650671,quijajo01,19200,7
"quijada, jose",2024,650671,quijajo01,19200,7
"okert, steven",2023,595345,okertst01,13580,0
"okert, steven",2024,595345,okertst01,13580,0
"rea, colin",2023,607067,reaco01,12317,3
"rea, colin",2024,607067,reaco01,12317,3
"ragans, cole",2023,666142,raganco01,21846,6
"ragans, cole",2024,666142,raganco01,21846,6
"adcock, ty",2023,686654,adcocty01,25651,7
"adcock, ty",2024,686654,adcocty01,25651,7
"bowman, matthew",2024,621199,bowmama01,13528,4
"peterson, david",2023,656849,peterda01,20302,1
"peterson, david",2024,656849,peterda01,20302,1
"matz, steven",2023,571927,matzst01,13361,1
"matz, steven",2024,571927,matzst01,13361,1
"law, derek",2023,571882,lawde01,13133,6
"law, derek",2024,571882,lawde01,13133,6
"garrett, amir",2023,607237,garream01,14375,0
"garrett, amir",2024,607237,garream01,14375,0
"blach, ty",2023,621389,blachty01,14361,6
"blach, ty",2024,621389,blachty01,14361,6
"bender, anthony",2024,669622,bendean01,19742,2
"spence, mitch",2024,687765,spencmi01,27707,6
"saucedo, tayler",2023,642048,sauceta01,17888,3
"saucedo, tayler",2024,642048,sauceta01,17888,3
"bush, matt",2023,456713,bushma01,1246,3
"sulser, cole",2023,642121,sulseco01,15256,7
"sulser, cole",2024,642121,sulseco01,15256,7
"luzardo, jesus",2023,666200,luzarje01,19959,5
"luzardo, jesus",2024,666200,luzarje01,19959,1
"avila, pedro",2023,658648,avilape01,18864,3
"avila, pedro",2024,658648,avilape01,18864,3
"bibee, tanner",2023,676440,bibeeta01,30134,6
"bibee, tanner",2024,676440,bibeeta01,30134,6
"alexander, tyler",2023,641302,alexaty01,17735,5
"alexander, tyler",2024,641302,alexaty01,17735,5
"walker, taijuan",2023,592836,walketa01,11836,3
"walker, taijuan",2024,592836,walketa01,11836,3
"almonte, yency",2023,622075,almonye01,15068,4
"almonte, yency",2024,622075,almonye01,15068,4
"buehler, walker",2024,621111,buehlwa01,19374,3
"castillo, diego",2023,650895,castidi01,17496,0
"castillo, diego",2024,650895,castidi01,17496,0
"barlow, scott",2023,605130,barlosc01,14993,1
"barlow, scott",2024,605130,barlosc01,14993,1
"stephens, jackson",2023,623451,stephja01,14420,6
"blewett, scott",2024,656240,blewesc01,16427,7
"balazovic, jordan",2023,666364,balazjo02,21866,1
"jarvis, bryce",2023,686826,jarvibr01,27477,1
"jarvis, bryce",2024,686826,jarvibr01,27477,6
"mushinski, parker",2023,656786,mushipa01,21324,3
"mushinski, parker",2024,656786,mushipa01,21324,3
"gil, luis",2024,661563,gillu01,21052,7
"stroman, marcus",2023,573186,stromma01,13431,5
"stroman, marcus",2024,573186,stromma01,13431,6
"cano, yennier",2023,666974,canoye01,25911,0
"cano, yennier",2024,666974,canoye01,25911,0
"gibson, kyle",2023,502043,gibsoky01,10123,3
"gibson, kyle",2024,502043,gibsoky01,10123,3
"musgrove, joe",2023,605397,musgrjo01,12970,6
"musgrove, joe",2024,605397,musgrjo01,12970,3
"floro, dylan",2023,571670,florody01,13394,0
"floro, dylan",2024,571670,florody01,13394,0
"santana, dennis",2023,642701,santade01,17878,5
"santana, dennis",2024,642701,santade01,17878,5
"bruihl, justin",2023,677865,bruihju01,23779,4
"bruihl, justin",2024,677865,bruihju01,23779,4
"hernandez, daysbel",2023,678226,hernada03,20271,7
"hernandez, daysbel",2024,678226,hernada03,20271,0
"miller, erik",2024,669062,milleer01,26252,7
"romano, jordan",2023,605447,romanjo03,16122,0
"romano, jordan",2024,605447,romanjo03,16122,7
"koenig, jared",2024,657649,koenija01,27517,6
"brazoban, huascar",2023,623211,brazohu01,6107,4
"brazoban, huascar",2024,623211,brazohu01,6107,4
"eovaldi, nathan",2023,543135,eovalna01,9132,6
"eovaldi, nathan",2024,543135,eovalna01,9132,6
"lambert, jimmy",2023,669424,lambeji01,19541,1
"manning, matt",2023,666159,mannima02,20369,3
"manning, matt",2024,666159,mannima02,20369,3
"mahle, tyler",2023,641816,mahlety01,16358,7
"mahle, tyler",2024,641816,mahlety01,16358,7
"degrom, jacob",2023,594798,degroja01,10954,1
"hill, garrett",2023,682051,hillga02,25097,1
"cousins, jake",2023,664776,cousija01,21620,0
"cousins, jake",2024,664776,cousija01,21620,0
"whitlock, garrett",2023,676477,whitlga01,20191,2
"whitlock, garrett",2024,676477,whitlga01,20191,5
"cruz, steven",2023,674444,cruzst01,23165,5
"cruz, steven",2024,674444,cruzst01,23165,5
"hendricks, kyle",2023,543294,hendrky01,12049,1
"hendricks, kyle",2024,543294,hendrky01,12049,1
"baumann, mike",2023,657508,baumami01,20206,1
"baumann, mike",2024,657508,baumami01,20206,1
"wittgren, nick",2023,621295,wittgni01,15594,5
"cabrera, genesis",2023,650893,cabrege01,17490,6
"cabrera, genesis",2024,650893,cabrege01,17490,6
"montas, frankie",2024,593423,montafr02,14309,5
"johnson, pierce",2023,572955,johnspi01,13435,1
"johnson, pierce",2024,572955,johnspi01,13435,6
"winckowski, josh",2023,670174,winckjo01,22387,5
"winckowski, josh",2024,670174,winckjo01,22387,5
"gore, mackenzie",2023,669022,gorema01,22201,3
"gore, mackenzie",2024,669022,gorema01,22201,3
"mikolas, miles",2023,571945,mikolmi01,9803,1
"mikolas, miles",2024,571945,mikolmi01,9803,3
"alexander, scott",2023,518397,alexasc02,10591,0
"alexander, scott",2024,518397,alexasc02,10591,0
"reid-foley, sean",2024,656887,reidfse01,17034,0
"kelly, zack",2023,677161,kellyza01,20349,7
"kelly, zack",2024,677161,kellyza01,20349,4
"muller, kyle",2023,666205,mulleky01,20167,1
"muller, kyle",2024,666205,mulleky01,20167,1
"mcmillon, john",2024,669111,mcmiljo01,27942,7
"scott, tanner",2023,656945,scottta01,17586,7
"scott, tanner",2024,656945,scottta01,17586,7
"jimenez, joe",2023,641729,jimenjo02,15761,7
"jimenez, joe",2024,641729,jimenjo02,15761,7
"paredes, enoli",2024,660600,pareden01,20447,0
"smith-shawver, aj",2023,700363,smithaj01,29960,1
"murfee, penn",2023,682171,murfepe01,25174,2
"ramirez, yohan",2023,670990,ramiryo01,19444,2
"ramirez, yohan",2024,670990,ramiryo01,19444,3
"ashcraft, graham",2023,668933,ashcrgr01,27552,5
"ashcraft, graham",2024,668933,ashcrgr01,27552,5
"ober, bailey",2023,641927,oberba01,21224,1
"ober, bailey",2024,641927,oberba01,21224,6
"taillon, jameson",2023,592791,taillja01,11674,3
"taillon, jameson",2024,592791,taillja01,11674,3
"luetge, lucas",2023,476595,luetglu01,8337,3
"bieber, shane",2023,669456,biebesh01,19427,6
"weathers, ryan",2023,677960,weathry01,23796,2
"weathers, ryan",2024,677960,weathry01,23796,2
"bernardino, brennan",2023,657514,bernabr01,16835,1
"bernardino, brennan",2024,657514,bernabr01,16835,6
"martin, davis",2024,663436,martida03,21448,6
"munoz, andres",2023,662253,munozan01,20373,0
"munoz, andres",2024,662253,munozan01,20373,0
"garcia, deivi",2023,665620,garcide01,20276,3
"garcia, deivi",2024,665620,garcide01,20276,3
"graterol, brusdar",2023,660813,gratebr01,20367,5
"kilian, caleb",2024,668873,kiliaca01,26213,3
"strahm, matt",2023,621381,strahma01,13799,5
"strahm, matt",2024,621381,strahma01,13799,5
"swanson, erik",2023,657024,swanser01,16587,7
"swanson, erik",2024,657024,swanser01,16587,7
"moll, sam",2023,594580,mollsa01,14874,2
"moll, sam",2024,594580,mollsa01,14874,2
"ryan, joe",2023,657746,ryanjo04,21390,2
"ryan, joe",2024,657746,ryanjo04,21390,2
"hudson, dakota",2023,641712,hudsoda02,19206,1
"hudson, dakota",2024,641712,hudsoda02,19206,6
"webb, logan",2023,657277,webblo01,17995,2
"webb, logan",2024,657277,webblo01,17995,4
"holton, tyler",2023,663947,holtoty01,26231,3
"holton, tyler",2024,663947,holtoty01,26231,3
"curtiss, john",2023,595928,curtijo02,16128,7
"garcia, luis",2023,472610,garcilu03,6984,2
"garcia, luis",2024,472610,garcilu03,6984,5
"williams, trevor",2023,592866,willitr01,16977,3
"williams, trevor",2024,592866,willitr01,16977,2
"mayers, mike",2023,594577,mayermi01,15451,6
"greene, hunter",2023,668881,greenhu01,22182,7
"greene, hunter",2024,668881,greenhu01,22182,1
"montero, rafael",2023,606160,montera01,12760,0
"montero, rafael",2024,606160,montera01,12760,0
"roupp, landen",2024,694738,rouppla01,30076,1
"beck, tristan",2023,663941,becktr01,21584,3
"beck, tristan",2024,663941,becktr01,21584,3
"gaddis, hunter",2023,683769,gaddihu01,25636,6
"gaddis, hunter",2024,683769,gaddihu01,25636,7
"green, chad",2023,643338,greench03,15552,7
"green, chad",2024,643338,greench03,15552,7
"perez, martin",2023,527048,perezma02,6902,6
"perez, martin",2024,527048,perezma02,6902,6
"zerpa, angel",2023,672582,zerpaan01,22717,0
"zerpa, angel",2024,672582,zerpaan01,22717,1
"misiewicz, anthony",2023,664948,misiean01,18152,6
"mchugh, collin",2023,543521,mchugco01,7531,3
"syndergaard, noah",2023,592789,syndeno01,11762,6
"smith, drew",2023,622098,smithdr01,17755,1
"smith, drew",2024,622098,smithdr01,17755,6
"vieira, thyago",2023,600986,vieirth01,14510,0
"vieira, thyago",2024,600986,vieirth01,14510,0
"davies, zach",2023,605200,davieza02,13183,3
"hollowell, gavin",2023,668970,holloga01,25427,4
"de jong, chase",2023,608328,dejonch01,15036,1
"wesneski, hayden",2023,669713,wesneha01,27581,5
"wesneski, hayden",2024,669713,wesneha01,27581,4
"ross, joe",2024,605452,rossjo01,12972,1
"gray, sonny",2023,543243,grayso01,12768,3
"gray, sonny",2024,543243,grayso01,12768,3
"funderburk, kody",2023,681892,fundeko01,24993,5
"funderburk, kody",2024,681892,fundeko01,24993,5
"diaz, miguel",2023,622766,diazmi02,18815,2
"brown, hunter",2023,686613,brownhu01,25880,3
"brown, hunter",2024,686613,brownhu01,25880,6
"lodolo, nick",2023,666157,lodolni01,26378,1
"lodolo, nick",2024,666157,lodolni01,26378,1
"marquez, german",2023,608566,marquge01,15038,1
"gilbert, tyler",2023,656457,gilbety01,17964,6
"king, mike",2023,650633,kingmi01,19853,2
"king, mike",2024,650633,kingmi01,19853,2
"ramirez, nick",2023,598286,ramirni01,12575,3
"ramirez, nick",2024,598286,ramirni01,12575,2
"gausman, kevin",2023,592332,gausmke01,14107,2
"gausman, kevin",2024,592332,gausmke01,14107,0
"palencia, daniel",2023,694037,palenda01,27914,1
"palencia, daniel",2024,694037,palenda01,27914,1
"englert, mason",2023,669438,englema01,22288,1
"englert, mason",2024,669438,englema01,22288,6
"puk, a. j.",2023,640462,pukaj01,19343,2
"puk, a. j.",2024,640462,pukaj01,19343,2
"rodriguez, grayson",2023,680570,rodrigr01,24492,3
"rodriguez, grayson",2024,680570,rodrigr01,24492,1
"kluber, corey",2023,446372,klubeco01,2429,6
"wood, alex",2023,622072,woodal02,13781,0
"wood, alex",2024,622072,woodal02,13781,0
"weissert, greg",2023,669711,weissgr01,20375,4
"weissert, greg",2024,669711,weissgr01,20375,2
"merryweather, julian",2023,657240,merryju01,16703,2
"merryweather, julian",2024,657240,merryju01,16703,2
"yamamoto, yoshinobu",2024,808967,yamamyo01,33825,3
"beede, tyler",2024,595881,beedety01,16981,1
"newcomb, sean",2023,656794,newcose01,16943,6
"newcomb, sean",2024,656794,newcose01,16943,1
"cease, dylan",2023,656302,ceasedy01,18525,1
"cease, dylan",2024,656302,ceasedy01,18525,3
"sale, chris",2023,519242,salech01,10603,0
"sale, chris",2024,519242,salech01,10603,0
"banks, tanner",2023,621383,banksta01,16990,1
"banks, tanner",2024,621383,banksta01,16990,1
"keller, brad",2023,641745,kellebr01,15734,3
"keller, brad",2024,641745,kellebr01,15734,3
"medina, luis",2023,665622,medinlu02,21649,1
"medina, luis",2024,665622,medinlu02,21649,1
"rogers, trevor",2023,669432,rogertr01,22286,0
"rogers, trevor",2024,669432,rogertr01,22286,0
"perez, cionel",2023,672335,perezci01,19614,1
"perez, cionel",2024,672335,perezci01,19614,0
"kelley, trevor",2023,665001,kelletr01,18454,2
"cleavinger, garrett",2023,664076,cleavga01,17897,0
"cleavinger, garrett",2024,664076,cleavga01,17897,5
"sears, jp",2023,676664,searsjp01,23429,2
"sears, jp",2024,676664,searsjp01,23429,2
"ginkel, kevin",2023,656464,ginkeke01,19876,0
"ginkel, kevin",2024,656464,ginkeke01,19876,0
"bachman, sam",2023,696147,bachmsa01,29754,0
"pivetta, nick",2023,601713,pivetni01,15454,3
"pivetta, nick",2024,601713,pivetni01,15454,3
"cronin, declan",2023,686539,cronide01,25645,2
"cronin, declan",2024,686539,cronide01,25645,2
"underwood, duane",2023,621249,underdu01,14677,6
"hancock, emerson",2023,676106,hancoem01,27470,0
"hancock, emerson",2024,676106,hancoem01,27470,0
"logue, zach",2023,656657,logueza01,20231,6
"peguero, elvis",2023,665625,pegueel01,21652,0
"peguero, elvis",2024,665625,pegueel01,21652,1
"farmer, buck",2023,571656,farmebu01,14814,7
"farmer, buck",2024,571656,farmebu01,14814,0
"karinchak, james",2023,675916,karinja01,20151,1
"staumont, josh",2023,622251,staumjo01,18335,1
"staumont, josh",2024,622251,staumjo01,18335,1
"ruiz, jose",2023,614179,ruizjo01,14552,1
"ruiz, jose",2024,614179,ruizjo01,14552,1
"cuas, jose",2023,621016,cuasjo01,17701,2
"cuas, jose",2024,621016,cuasjo01,17701,2
"kahnle, tommy",2023,592454,kahnlto01,11384,0
"kahnle, tommy",2024,592454,kahnlto01,11384,0
"kennedy, ian",2023,453178,kenneia01,6986,6
"kowar, jackson",2023,663804,kowarja01,21549,7
"coulombe, danny",2023,543056,couloda01,13293,3
"coulombe, danny",2024,543056,couloda01,13293,3
"jansen, kenley",2023,445276,janseke01,3096,5
"jansen, kenley",2024,445276,janseke01,3096,5
"heasley, jonathan",2023,669169,heasljo01,22224,3
"heasley, jonathan",2024,669169,heasljo01,22224,3
"montgomery, jordan",2023,656756,montgjo01,16511,6
"montgomery, jordan",2024,656756,montgjo01,16511,1
"alcantara, sandy",2023,645261,alcansa01,18684,1
"velasquez, vince",2023,592826,velasvi01,11189,1
"sanmartin, reiver",2023,665665,sanmare01,19754,0
"richardson, lyon",2023,680689,richaly01,24581,1
"walker, josh",2023,677020,walkejo03,23617,1
"walker, josh",2024,677020,walkejo03,23617,1
"blanco, ronel",2023,669854,blancro01,19407,1
"blanco, ronel",2024,669854,blancro01,19407,1
"sheehan, emmet",2023,686218,sheehem01,29839,2
"bumgarner, madison",2023,518516,bumgama01,5524,6
"dunning, dane",2023,641540,dunnida01,19409,6
"dunning, dane",2024,641540,dunnida01,19409,6
"leahy, kyle",2023,681517,leahyky01,24763,3
"leahy, kyle",2024,681517,leahyky01,24763,3
"hernandez, jose",2023,669796,hernajo03,22318,7
"hernandez, jose",2024,669796,hernajo03,22318,7
"lee, dylan",2023,669276,leedy01,19996,7
"lee, dylan",2024,669276,leedy01,19996,7
"perez, francisco",2023,660906,perezfr01,21018,1
"kennedy, brett",2023,664028,kennebr02,17877,0
"harvey, hunter",2023,640451,harvehu01,15507,1
"harvey, hunter",2024,640451,harvehu01,15507,1
"contreras, roansy",2023,672710,contrro01,22810,3
"contreras, roansy",2024,672710,contrro01,22810,3
"hall, dl",2023,669084,halldl01,22207,3
"hall, dl",2024,669084,halldl01,22207,1
"ferguson, caleb",2023,657571,ferguca01,19349,4
"ferguson, caleb",2024,657571,ferguca01,19349,4
"wheeler, zack",2023,554430,wheelza01,10310,3
"wheeler, zack",2024,554430,wheelza01,10310,3
"bido, osvaldo",2023,674370,bidoos01,23150,5
"bido, osvaldo",2024,674370,bidoos01,23150,5
"honeywell, brent",2023,641703,honeybr01,16466,2
"honeywell, brent",2024,641703,honeybr01,16466,2
"murphy, chris",2023,669684,murphch01,26214,3
"liberatore, matthew",2023,669461,liberma01,22294,1
"liberatore, matthew",2024,669461,liberma01,22294,6
"diekman, jake",2023,518617,diekmja01,5003,4
"diekman, jake",2024,518617,diekmja01,5003,2
"cole, gerrit",2023,543037,colege01,13125,6
"cole, gerrit",2024,543037,colege01,13125,6
"topa, justin",2023,623437,topaju01,15145,4
"stripling, ross",2023,548389,stripro01,13273,1
"stripling, ross",2024,548389,stripro01,13273,6
"raley, brooks",2023,548384,raleybr01,10061,4
"raley, brooks",2024,548384,raleybr01,10061,4
"martin, chris",2023,455119,martich02,11847,5
"martin, chris",2024,455119,martich02,11847,4
"doval, camilo",2023,666808,dovalca01,21992,5
"doval, camilo",2024,666808,dovalca01,21992,5
"anderson, nick",2023,623433,anderni01,18337,1
"anderson, nick",2024,623433,anderni01,18337,1
"verhagen, drew",2023,572403,verhadr01,13424,4
"ward, thaddeus",2023,663658,wardth01,21513,4
"adon, joan",2023,672851,adonjo01,22925,1
"adon, joan",2024,672851,adonjo01,22925,1
"bolton, cody",2023,675989,boltoco01,23265,2
"bolton, cody",2024,675989,boltoco01,23265,4
"white, mitch",2023,669952,whitemi03,19225,3
"white, mitch",2024,669952,whitemi03,19225,3
"stanek, ryne",2023,592773,stanery01,15947,7
"stanek, ryne",2024,592773,stanery01,15947,0
"wacha, michael",2023,608379,wachami01,14078,6
"wacha, michael",2024,608379,wachami01,14078,6
"selby, colin",2023,681882,selbyco01,24986,1
"selby, colin",2024,681882,selbyco01,24986,1
"cordero, jimmy",2023,622772,cordeji01,15690,0
"harrison, kyle",2023,690986,harriky01,27758,7
"harrison, kyle",2024,690986,harriky01,27758,1
"wilson, justin",2024,458677,wilsoju10,4301,7
"scholtens, jesse",2023,669947,scholje01,19205,1
"berrios, jose",2023,621244,berrijo01,14168,0
"berrios, jose",2024,621244,berrijo01,14168,4
"hicks, jordan",2023,663855,hicksjo03,19618,2
"hicks, jordan",2024,663855,hicksjo03,19618,2
"sims, lucas",2023,608371,simslu01,13470,3
"sims, lucas",2024,608371,simslu01,13470,3
"gray, josiah",2023,680686,grayjo03,24580,3
"brewer, colten",2023,605155,breweco01,12997,6
"brewer, colten",2024,605155,breweco01,12997,6
"stephan, trevor",2023,663986,stephtr01,19932,7
"fried, max",2023,608331,friedma01,13743,3
"fried, max",2024,608331,friedma01,13743,3
"smith, burch",2024,572143,smithbu03,12784,3
"smith, cade",2024,671922,smithca06,27867,2
"brown, ben",2024,676962,brownbe02,23590,1
"may, dustin",2023,669160,maydu01,19716,6
"clarke, taylor",2023,664199,clarkta01,17611,2
"bazardo, eduard",2023,660825,bazared01,20997,0
"bazardo, eduard",2024,660825,bazared01,20997,0
"bubic, kris",2023,663460,bubickr01,21455,1
"bubic, kris",2024,663460,bubickr01,21455,5
"martinez, seth",2023,661527,martise01,21045,2
"martinez, seth",2024,661527,martise01,21045,2
"sandoval, patrick",2023,663776,sandopa02,19447,3
"sandoval, patrick",2024,663776,sandopa02,19447,3
"springs, jeffrey",2024,605488,sprinje01,17677,5
"brasier, ryan",2023,518489,brasiry01,5615,5
"brasier, ryan",2024,518489,brasiry01,5615,5
"quantrill, cal",2023,615698,quantca01,19312,6
"quantrill, cal",2024,615698,quantca01,19312,6
"rodriguez, joely",2023,570257,rodrijo06,11487,0
"rodriguez, joely",2024,570257,rodrijo06,11487,2
"taylor, josh",2023,657031,taylojo02,17359,1
"grove, michael",2023,675627,grovemi01,23221,6
"grove, michael",2024,675627,grovemi01,23221,6
"gipson-long, sawyer",2023,687830,gipsosa01,26048,5
"nittoli, vinny",2024,657697,nittovi01,16754,3
"irvin, cole",2023,608344,irvinco01,19244,6
"irvin, cole",2024,608344,irvinco01,19244,6
"castillo, max",2023,666721,castima03,21956,7
"suarez, andrew",2023,605498,suarean01,18300,1
"bassitt, chris",2023,605135,bassich01,12304,3
"bassitt, chris",2024,605135,bassich01,12304,3
"morton, charlie",2023,450203,mortoch02,4676,6
"morton, charlie",2024,450203,mortoch02,4676,6
"severino, luis",2023,622663,severlu01,15890,5
"severino, luis",2024,622663,severlu01,15890,5
"jackson, andre",2023,656578,jacksan01,21298,1
"loup, aaron",2023,571901,loupaa01,10343,6
"hamilton, ian",2023,641656,hamilia01,19261,0
"hamilton, ian",2024,641656,hamilia01,19261,0
"mize, casey",2024,663554,mizeca01,20492,1
"paxton, james",2023,572020,paxtoja01,11828,6
"paxton, james",2024,572020,paxtoja01,11828,6
"teng, kai-wei",2024,678906,tengka01,24282,3
"chapman, aroldis",2023,547973,chapmar01,10233,0
"chapman, aroldis",2024,547973,chapmar01,10233,0
"burr, ryan",2024,621114,burrry01,17536,7
"hatch, thomas",2023,641672,hatchto01,19264,4
"hudson, daniel",2024,543339,hudsoda01,7146,0
"greinke, zack",2023,425844,greinza01,1943,6
"tarnok, freddy",2023,676206,tarnofr01,23324,1
"brooks, aaron",2024,605156,brookaa01,12272,1
"hughes, brandon",2023,676714,hughebr01,23460,0
"hughes, brandon",2024,676714,hughebr01,23460,0
"snider, collin",2023,676092,snideco01,23307,5
"snider, collin",2024,676092,snideco01,23307,4
"tate, dillon",2024,622253,tatedi01,17796,2
"tapia, domingo",2023,593619,tapiado01,12178,0
"flexen, chris",2023,623167,flexech01,13896,3
"flexen, chris",2024,623167,flexech01,13896,6
"fulmer, carson",2023,608334,fulmeca01,18311,1
"fulmer, carson",2024,608334,fulmeca01,18311,3
"salazar, eduardo",2023,674285,salazed01,23135,0
"salazar, eduardo",2024,674285,salazed01,23135,1
"holderman, colin",2023,670059,holdeco01,22361,4
"holderman, colin",2024,670059,holdeco01,22361,4
"manaea, sean",2023,640455,manaese01,15873,5
"manaea, sean",2024,640455,manaese01,15873,5
"little, brendon",2024,663893,littlbr02,21574,6
"devenski, chris",2023,606965,devench02,12763,3
"devenski, chris",2024,606965,devench02,12763,4
"morejon, adrian",2023,670970,morejad01,20039,1
"morejon, adrian",2024,670970,morejad01,20039,2
"leasure, jordan",2024,673929,leasujo01,29950,1
"koch, matt",2023,571863,kochma01,13420,7
"mears, nick",2023,683232,mearsni01,25376,1
"mears, nick",2024,683232,mearsni01,25376,1
"allen, logan",2024,663531,allenlo01,18555,3
"ortiz, luis",2023,682847,ortizlu03,27646,5
"ortiz, luis",2024,682847,ortizlu03,27646,5
"flaherty, jack",2023,656427,flaheja01,17479,6
"flaherty, jack",2024,656427,flaheja01,17479,1
"robertson, david",2023,502085,roberda08,8241,6
"robertson, david",2024,502085,roberda08,8241,6
"loaisiga, jonathan",2023,642528,loaisjo01,19753,1
"davis, noah",2023,663562,davisno01,25862,6
"davis, noah",2024,663562,davisno01,25862,3
"lynn, lance",2023,458681,lynnla01,2520,6
"lynn, lance",2024,458681,lynnla01,2520,3
"hartwig, grant",2023,701643,hartwgr01,29946,4
"hartwig, grant",2024,701643,hartwgr01,29946,4
"young, alex",2023,622065,youngal01,18333,1
"young, alex",2024,622065,youngal01,18333,1
"france, j. p.",2023,641585,francjp01,21212,3
"france, j. p.",2024,641585,francjp01,21212,3
"abbott, cory",2023,676265,abbotco01,20277,1
"hjelle, sean",2023,663546,hjellse01,21481,1
"hjelle, sean",2024,663546,hjellse01,21481,6
"anderson, justin",2024,605121,anderju01,16201,5
"mcclanahan, shane",2023,663556,mcclash01,21483,1
"jimenez, dany",2023,666204,jimenda01,21170,7
"jimenez, dany",2024,666204,jimenda01,21170,7
"maeda, kenta",2023,628317,maedake01,18498,3
"maeda, kenta",2024,628317,maedake01,18498,3
"anderson, shaun",2024,641312,andersh01,19453,2
"garrett, braxton",2023,666129,garrebr01,21844,6
"garrett, braxton",2024,666129,garrebr01,21844,6
"fulmer, michael",2023,605242,fulmemi01,13218,4
"akin, keegan",2023,669211,akinke01,19362,1
"akin, keegan",2024,669211,akinke01,19362,7
"gallen, zac",2023,668678,galleza01,19291,6
"gallen, zac",2024,668678,galleza01,19291,6
"meyer, max",2024,676974,meyerma01,27474,0
"singer, brady",2023,663903,singebr01,25377,2
"singer, brady",2024,663903,singebr01,25377,2
"rodriguez, yerry",2023,666720,rodriye01,21955,0
"rodriguez, yerry",2024,666720,rodriye01,21955,7
"hader, josh",2023,623352,haderjo01,14212,0
"hader, josh",2024,623352,haderjo01,14212,0
"clase, emmanuel",2023,661403,claseem01,21032,7
"clase, emmanuel",2024,661403,claseem01,21032,5
"kelly, merrill",2023,518876,kellyme01,11156,6
"kelly, merrill",2024,518876,kellyme01,11156,6
"tonkin, michael",2023,543859,tonkimi01,10315,2
"tonkin, michael",2024,543859,tonkimi01,10315,2
"jones, jared",2024,683003,jonesja09,27863,1
"soto, gregory",2023,642397,sotogr01,19677,0
"soto, gregory",2024,642397,sotogr01,19677,5
"keller, mitch",2023,656605,kellemi03,17594,3
"keller, mitch",2024,656605,kellemi03,17594,3
"ryu, hyun jin",2023,547943,ryuhy01,14444,6
"yacabonis, jimmy",2023,642231,yacabji01,15157,2
"jax, griffin",2023,643377,jaxgr01,20253,4
"jax, griffin",2024,643377,jaxgr01,20253,3
"kopech, michael",2023,656629,kopecmi01,17282,1
"kopech, michael",2024,656629,kopecmi01,17282,7
"marte, yunior",2023,628708,marteyu01,14416,0
"marte, yunior",2024,628708,marteyu01,14416,5
"diaz, alexis",2023,664747,diazal03,21132,7
"diaz, alexis",2024,664747,diazal03,21132,7
"wingenter, trey",2023,622259,wingetr01,17793,7
"wingenter, trey",2024,622259,wingetr01,17793,7
